<Type Name="BrowserBase" FullName="Avahi.BrowserBase">
  <TypeSignature Language="C#" Value="public abstract class BrowserBase" />
  <AssemblyInfo>
    <AssemblyName>avahi-sharp</AssemblyName>
    <AssemblyVersion>1.0.0.0</AssemblyVersion>
  </AssemblyInfo>
  <Base>
    <BaseTypeName>System.Object</BaseTypeName>
  </Base>
  <Interfaces />
  <Members>
    <Member MemberName=".ctor">
      <MemberSignature Language="C#" Value="protected BrowserBase ();" />
      <MemberType>Constructor</MemberType>
      <Parameters />
      <Docs>
        <summary>To be added.</summary>
        <remarks>To be added.</remarks>
      </Docs>
    </Member>
    <Member MemberName="CacheExhausted">
      <MemberSignature Language="C#" Value="public event EventHandler CacheExhausted;" />
      <MemberType>Event</MemberType>
      <ReturnValue>
        <ReturnType>System.EventHandler</ReturnType>
      </ReturnValue>
      <Docs>
        <summary>To be added.</summary>
        <remarks>To be added.</remarks>
      </Docs>
    </Member>
    <Member MemberName="AllForNow">
      <MemberSignature Language="C#" Value="public event EventHandler AllForNow;" />
      <MemberType>Event</MemberType>
      <ReturnValue>
        <ReturnType>System.EventHandler</ReturnType>
      </ReturnValue>
      <Docs>
        <summary>To be added.</summary>
        <remarks>To be added.</remarks>
      </Docs>
    </Member>
    <Member MemberName="Failed">
      <MemberSignature Language="C#" Value="public event EventHandler Failed;" />
      <MemberType>Event</MemberType>
      <ReturnValue>
        <ReturnType>System.EventHandler</ReturnType>
      </ReturnValue>
      <Docs>
        <summary>To be added.</summary>
        <remarks>To be added.</remarks>
      </Docs>
    </Member>
  </Members>
  <Docs>
    <summary>To be added.</summary>
    <remarks>To be added.</remarks>
  </Docs>
</Type>
