<Type Name="ClientFlags" FullName="Avahi.ClientFlags">
  <TypeSignature Language="C#" Value="public enum ClientFlags" />
  <AssemblyInfo>
    <AssemblyName>avahi-sharp</AssemblyName>
    <AssemblyVersion>1.0.0.0</AssemblyVersion>
  </AssemblyInfo>
  <Base>
    <BaseTypeName>System.Enum</BaseTypeName>
  </Base>
  <Attributes>
    <Attribute>
      <AttributeName>System.Flags</AttributeName>
    </Attribute>
  </Attributes>
  <Members>
    <Member MemberName="NoFail">
      <MemberSignature Language="C#" Value="NoFail" />
      <MemberType>Field</MemberType>
      <ReturnValue>
        <ReturnType>Avahi.ClientFlags</ReturnType>
      </ReturnValue>
      <Docs>
        <summary>To be added.</summary>
      </Docs>
    </Member>
    <Member MemberName="None">
      <MemberSignature Language="C#" Value="None" />
      <MemberType>Field</MemberType>
      <ReturnValue>
        <ReturnType>Avahi.ClientFlags</ReturnType>
      </ReturnValue>
      <Docs>
        <summary>To be added.</summary>
      </Docs>
    </Member>
    <Member MemberName="IgnoreUserConfig">
      <MemberSignature Language="C#" Value="IgnoreUserConfig" />
      <MemberType>Field</MemberType>
      <ReturnValue>
        <ReturnType>Avahi.ClientFlags</ReturnType>
      </ReturnValue>
      <Docs>
        <summary>To be added.</summary>
      </Docs>
    </Member>
  </Members>
  <Docs>
    <summary>To be added.</summary>
    <remarks>To be added.</remarks>
  </Docs>
</Type>
