<Type Name="ClientStateHandler" FullName="Avahi.ClientStateHandler">
  <TypeSignature Language="C#" Value="public delegate void ClientStateHandler(object o, Avahi.ClientStateArgs state);" />
  <AssemblyInfo>
    <AssemblyName>avahi-sharp</AssemblyName>
    <AssemblyVersion>1.0.0.0</AssemblyVersion>
  </AssemblyInfo>
  <Base>
    <BaseTypeName>System.Delegate</BaseTypeName>
  </Base>
  <Parameters>
    <Parameter Name="o" Type="System.Object" />
    <Parameter Name="state" Type="Avahi.ClientStateArgs" />
  </Parameters>
  <ReturnValue>
    <ReturnType>System.Void</ReturnType>
  </ReturnValue>
  <Docs>
    <param name="o">To be added.</param>
    <param name="state">To be added.</param>
    <summary>To be added.</summary>
    <remarks>To be added.</remarks>
  </Docs>
</Type>
