<Type Name="ClientStateArgs" FullName="Avahi.ClientStateArgs">
  <TypeSignature Language="C#" Value="public class ClientStateArgs : System.EventArgs" />
  <AssemblyInfo>
    <AssemblyName>avahi-sharp</AssemblyName>
    <AssemblyVersion>1.0.0.0</AssemblyVersion>
  </AssemblyInfo>
  <Base>
    <BaseTypeName>System.EventArgs</BaseTypeName>
  </Base>
  <Interfaces />
  <Members>
    <Member MemberName=".ctor">
      <MemberSignature Language="C#" Value="public ClientStateArgs (Avahi.ClientState state);" />
      <MemberType>Constructor</MemberType>
      <Parameters>
        <Parameter Name="state" Type="Avahi.ClientState" />
      </Parameters>
      <Docs>
        <param name="state">To be added.</param>
        <summary>To be added.</summary>
        <remarks>To be added.</remarks>
      </Docs>
    </Member>
    <Member MemberName="State">
      <MemberSignature Language="C#" Value="public Avahi.ClientState State { get; };" />
      <MemberType>Property</MemberType>
      <ReturnValue>
        <ReturnType>Avahi.ClientState</ReturnType>
      </ReturnValue>
      <Docs>
        <summary>To be added.</summary>
        <value>To be added.</value>
        <remarks>To be added.</remarks>
      </Docs>
    </Member>
  </Members>
  <Docs>
    <summary>To be added.</summary>
    <remarks>To be added.</remarks>
  </Docs>
</Type>
