<Type Name="DomainBrowserType" FullName="Avahi.DomainBrowserType">
  <TypeSignature Language="C#" Value="public enum DomainBrowserType" />
  <AssemblyInfo>
    <AssemblyName>avahi-sharp</AssemblyName>
    <AssemblyVersion>1.0.0.0</AssemblyVersion>
  </AssemblyInfo>
  <Base>
    <BaseTypeName>System.Enum</BaseTypeName>
  </Base>
  <Members>
    <Member MemberName="RegisterDefault">
      <MemberSignature Language="C#" Value="RegisterDefault" />
      <MemberType>Field</MemberType>
      <ReturnValue>
        <ReturnType>Avahi.DomainBrowserType</ReturnType>
      </ReturnValue>
      <Docs>
        <summary>To be added.</summary>
      </Docs>
    </Member>
    <Member MemberName="BrowseDefault">
      <MemberSignature Language="C#" Value="BrowseDefault" />
      <MemberType>Field</MemberType>
      <ReturnValue>
        <ReturnType>Avahi.DomainBrowserType</ReturnType>
      </ReturnValue>
      <Docs>
        <summary>To be added.</summary>
      </Docs>
    </Member>
    <Member MemberName="Register">
      <MemberSignature Language="C#" Value="Register" />
      <MemberType>Field</MemberType>
      <ReturnValue>
        <ReturnType>Avahi.DomainBrowserType</ReturnType>
      </ReturnValue>
      <Docs>
        <summary>To be added.</summary>
      </Docs>
    </Member>
    <Member MemberName="BrowseLegacy">
      <MemberSignature Language="C#" Value="BrowseLegacy" />
      <MemberType>Field</MemberType>
      <ReturnValue>
        <ReturnType>Avahi.DomainBrowserType</ReturnType>
      </ReturnValue>
      <Docs>
        <summary>To be added.</summary>
      </Docs>
    </Member>
    <Member MemberName="Browse">
      <MemberSignature Language="C#" Value="Browse" />
      <MemberType>Field</MemberType>
      <ReturnValue>
        <ReturnType>Avahi.DomainBrowserType</ReturnType>
      </ReturnValue>
      <Docs>
        <summary>To be added.</summary>
      </Docs>
    </Member>
  </Members>
  <Docs>
    <summary>To be added.</summary>
    <remarks>To be added.</remarks>
  </Docs>
</Type>
