<Type Name="EntryGroupState" FullName="Avahi.EntryGroupState">
  <TypeSignature Language="C#" Value="public enum EntryGroupState" />
  <AssemblyInfo>
    <AssemblyName>avahi-sharp</AssemblyName>
    <AssemblyVersion>1.0.0.0</AssemblyVersion>
  </AssemblyInfo>
  <Base>
    <BaseTypeName>System.Enum</BaseTypeName>
  </Base>
  <Members>
    <Member MemberName="Collision">
      <MemberSignature Language="C#" Value="Collision" />
      <MemberType>Field</MemberType>
      <ReturnValue>
        <ReturnType>Avahi.EntryGroupState</ReturnType>
      </ReturnValue>
      <Docs>
        <summary>To be added.</summary>
      </Docs>
    </Member>
    <Member MemberName="Registering">
      <MemberSignature Language="C#" Value="Registering" />
      <MemberType>Field</MemberType>
      <ReturnValue>
        <ReturnType>Avahi.EntryGroupState</ReturnType>
      </ReturnValue>
      <Docs>
        <summary>To be added.</summary>
      </Docs>
    </Member>
    <Member MemberName="Uncommited">
      <MemberSignature Language="C#" Value="Uncommited" />
      <MemberType>Field</MemberType>
      <ReturnValue>
        <ReturnType>Avahi.EntryGroupState</ReturnType>
      </ReturnValue>
      <Docs>
        <summary>To be added.</summary>
      </Docs>
    </Member>
    <Member MemberName="Established">
      <MemberSignature Language="C#" Value="Established" />
      <MemberType>Field</MemberType>
      <ReturnValue>
        <ReturnType>Avahi.EntryGroupState</ReturnType>
      </ReturnValue>
      <Docs>
        <summary>To be added.</summary>
      </Docs>
    </Member>
    <Member MemberName="Failure">
      <MemberSignature Language="C#" Value="Failure" />
      <MemberType>Field</MemberType>
      <ReturnValue>
        <ReturnType>Avahi.EntryGroupState</ReturnType>
      </ReturnValue>
      <Docs>
        <summary>To be added.</summary>
      </Docs>
    </Member>
  </Members>
  <Docs>
    <summary>To be added.</summary>
    <remarks>To be added.</remarks>
  </Docs>
</Type>
