<Type Name="ErrorCode" FullName="Avahi.ErrorCode">
  <TypeSignature Language="C#" Value="public enum ErrorCode" />
  <AssemblyInfo>
    <AssemblyName>avahi-sharp</AssemblyName>
    <AssemblyVersion>1.0.0.0</AssemblyVersion>
  </AssemblyInfo>
  <Base>
    <BaseTypeName>System.Enum</BaseTypeName>
  </Base>
  <Members>
    <Member MemberName="TooManyEntries">
      <MemberSignature Language="C#" Value="TooManyEntries" />
      <MemberType>Field</MemberType>
      <ReturnValue>
        <ReturnType>Avahi.ErrorCode</ReturnType>
      </ReturnValue>
      <Docs>
        <summary>To be added.</summary>
      </Docs>
    </Member>
    <Member MemberName="AccessDenied">
      <MemberSignature Language="C#" Value="AccessDenied" />
      <MemberType>Field</MemberType>
      <ReturnValue>
        <ReturnType>Avahi.ErrorCode</ReturnType>
      </ReturnValue>
      <Docs>
        <summary>To be added.</summary>
      </Docs>
    </Member>
    <Member MemberName="NotFound">
      <MemberSignature Language="C#" Value="NotFound" />
      <MemberType>Field</MemberType>
      <ReturnValue>
        <ReturnType>Avahi.ErrorCode</ReturnType>
      </ReturnValue>
      <Docs>
        <summary>To be added.</summary>
      </Docs>
    </Member>
    <Member MemberName="TooManyClients">
      <MemberSignature Language="C#" Value="TooManyClients" />
      <MemberType>Field</MemberType>
      <ReturnValue>
        <ReturnType>Avahi.ErrorCode</ReturnType>
      </ReturnValue>
      <Docs>
        <summary>To be added.</summary>
      </Docs>
    </Member>
    <Member MemberName="DnsYxRrSet">
      <MemberSignature Language="C#" Value="DnsYxRrSet" />
      <MemberType>Field</MemberType>
      <ReturnValue>
        <ReturnType>Avahi.ErrorCode</ReturnType>
      </ReturnValue>
      <Docs>
        <summary>To be added.</summary>
      </Docs>
    </Member>
    <Member MemberName="InvalidFlags">
      <MemberSignature Language="C#" Value="InvalidFlags" />
      <MemberType>Field</MemberType>
      <ReturnValue>
        <ReturnType>Avahi.ErrorCode</ReturnType>
      </ReturnValue>
      <Docs>
        <summary>To be added.</summary>
      </Docs>
    </Member>
    <Member MemberName="BadState">
      <MemberSignature Language="C#" Value="BadState" />
      <MemberType>Field</MemberType>
      <ReturnValue>
        <ReturnType>Avahi.ErrorCode</ReturnType>
      </ReturnValue>
      <Docs>
        <summary>To be added.</summary>
      </Docs>
    </Member>
    <Member MemberName="DnsNxDomain">
      <MemberSignature Language="C#" Value="DnsNxDomain" />
      <MemberType>Field</MemberType>
      <ReturnValue>
        <ReturnType>Avahi.ErrorCode</ReturnType>
      </ReturnValue>
      <Docs>
        <summary>To be added.</summary>
      </Docs>
    </Member>
    <Member MemberName="TooManyObjects">
      <MemberSignature Language="C#" Value="TooManyObjects" />
      <MemberType>Field</MemberType>
      <ReturnValue>
        <ReturnType>Avahi.ErrorCode</ReturnType>
      </ReturnValue>
      <Docs>
        <summary>To be added.</summary>
      </Docs>
    </Member>
    <Member MemberName="InvalidObject">
      <MemberSignature Language="C#" Value="InvalidObject" />
      <MemberType>Field</MemberType>
      <ReturnValue>
        <ReturnType>Avahi.ErrorCode</ReturnType>
      </ReturnValue>
      <Docs>
        <summary>To be added.</summary>
      </Docs>
    </Member>
    <Member MemberName="DnsServFail">
      <MemberSignature Language="C#" Value="DnsServFail" />
      <MemberType>Field</MemberType>
      <ReturnValue>
        <ReturnType>Avahi.ErrorCode</ReturnType>
      </ReturnValue>
      <Docs>
        <summary>To be added.</summary>
      </Docs>
    </Member>
    <Member MemberName="Disconnected">
      <MemberSignature Language="C#" Value="Disconnected" />
      <MemberType>Field</MemberType>
      <ReturnValue>
        <ReturnType>Avahi.ErrorCode</ReturnType>
      </ReturnValue>
      <Docs>
        <summary>To be added.</summary>
      </Docs>
    </Member>
    <Member MemberName="InvalidPort">
      <MemberSignature Language="C#" Value="InvalidPort" />
      <MemberType>Field</MemberType>
      <ReturnValue>
        <ReturnType>Avahi.ErrorCode</ReturnType>
      </ReturnValue>
      <Docs>
        <summary>To be added.</summary>
      </Docs>
    </Member>
    <Member MemberName="Collision">
      <MemberSignature Language="C#" Value="Collision" />
      <MemberType>Field</MemberType>
      <ReturnValue>
        <ReturnType>Avahi.ErrorCode</ReturnType>
      </ReturnValue>
      <Docs>
        <summary>To be added.</summary>
      </Docs>
    </Member>
    <Member MemberName="InvalidTTL">
      <MemberSignature Language="C#" Value="InvalidTTL" />
      <MemberType>Field</MemberType>
      <ReturnValue>
        <ReturnType>Avahi.ErrorCode</ReturnType>
      </ReturnValue>
      <Docs>
        <summary>To be added.</summary>
      </Docs>
    </Member>
    <Member MemberName="NoNetwork">
      <MemberSignature Language="C#" Value="NoNetwork" />
      <MemberType>Field</MemberType>
      <ReturnValue>
        <ReturnType>Avahi.ErrorCode</ReturnType>
      </ReturnValue>
      <Docs>
        <summary>To be added.</summary>
      </Docs>
    </Member>
    <Member MemberName="InvalidOperation">
      <MemberSignature Language="C#" Value="InvalidOperation" />
      <MemberType>Field</MemberType>
      <ReturnValue>
        <ReturnType>Avahi.ErrorCode</ReturnType>
      </ReturnValue>
      <Docs>
        <summary>To be added.</summary>
      </Docs>
    </Member>
    <Member MemberName="NotPermitted">
      <MemberSignature Language="C#" Value="NotPermitted" />
      <MemberType>Field</MemberType>
      <ReturnValue>
        <ReturnType>Avahi.ErrorCode</ReturnType>
      </ReturnValue>
      <Docs>
        <summary>To be added.</summary>
      </Docs>
    </Member>
    <Member MemberName="InvalidDnsType">
      <MemberSignature Language="C#" Value="InvalidDnsType" />
      <MemberType>Field</MemberType>
      <ReturnValue>
        <ReturnType>Avahi.ErrorCode</ReturnType>
      </ReturnValue>
      <Docs>
        <summary>To be added.</summary>
      </Docs>
    </Member>
    <Member MemberName="InvalidDnsError">
      <MemberSignature Language="C#" Value="InvalidDnsError" />
      <MemberType>Field</MemberType>
      <ReturnValue>
        <ReturnType>Avahi.ErrorCode</ReturnType>
      </ReturnValue>
      <Docs>
        <summary>To be added.</summary>
      </Docs>
    </Member>
    <Member MemberName="DnsNotAuth">
      <MemberSignature Language="C#" Value="DnsNotAuth" />
      <MemberType>Field</MemberType>
      <ReturnValue>
        <ReturnType>Avahi.ErrorCode</ReturnType>
      </ReturnValue>
      <Docs>
        <summary>To be added.</summary>
      </Docs>
    </Member>
    <Member MemberName="InvalidProtocol">
      <MemberSignature Language="C#" Value="InvalidProtocol" />
      <MemberType>Field</MemberType>
      <ReturnValue>
        <ReturnType>Avahi.ErrorCode</ReturnType>
      </ReturnValue>
      <Docs>
        <summary>To be added.</summary>
      </Docs>
    </Member>
    <Member MemberName="InvalidConfig">
      <MemberSignature Language="C#" Value="InvalidConfig" />
      <MemberType>Field</MemberType>
      <ReturnValue>
        <ReturnType>Avahi.ErrorCode</ReturnType>
      </ReturnValue>
      <Docs>
        <summary>To be added.</summary>
      </Docs>
    </Member>
    <Member MemberName="DnsNotZone">
      <MemberSignature Language="C#" Value="DnsNotZone" />
      <MemberType>Field</MemberType>
      <ReturnValue>
        <ReturnType>Avahi.ErrorCode</ReturnType>
      </ReturnValue>
      <Docs>
        <summary>To be added.</summary>
      </Docs>
    </Member>
    <Member MemberName="Ok">
      <MemberSignature Language="C#" Value="Ok" />
      <MemberType>Field</MemberType>
      <ReturnValue>
        <ReturnType>Avahi.ErrorCode</ReturnType>
      </ReturnValue>
      <Docs>
        <summary>To be added.</summary>
      </Docs>
    </Member>
    <Member MemberName="InvalidServiceSubtype">
      <MemberSignature Language="C#" Value="InvalidServiceSubtype" />
      <MemberType>Field</MemberType>
      <ReturnValue>
        <ReturnType>Avahi.ErrorCode</ReturnType>
      </ReturnValue>
      <Docs>
        <summary>To be added.</summary>
      </Docs>
    </Member>
    <Member MemberName="DnsNxRrSet">
      <MemberSignature Language="C#" Value="DnsNxRrSet" />
      <MemberType>Field</MemberType>
      <ReturnValue>
        <ReturnType>Avahi.ErrorCode</ReturnType>
      </ReturnValue>
      <Docs>
        <summary>To be added.</summary>
      </Docs>
    </Member>
    <Member MemberName="InvalidServiceType">
      <MemberSignature Language="C#" Value="InvalidServiceType" />
      <MemberType>Field</MemberType>
      <ReturnValue>
        <ReturnType>Avahi.ErrorCode</ReturnType>
      </ReturnValue>
      <Docs>
        <summary>To be added.</summary>
      </Docs>
    </Member>
    <Member MemberName="DnsFormErr">
      <MemberSignature Language="C#" Value="DnsFormErr" />
      <MemberType>Field</MemberType>
      <ReturnValue>
        <ReturnType>Avahi.ErrorCode</ReturnType>
      </ReturnValue>
      <Docs>
        <summary>To be added.</summary>
      </Docs>
    </Member>
    <Member MemberName="IsPattern">
      <MemberSignature Language="C#" Value="IsPattern" />
      <MemberType>Field</MemberType>
      <ReturnValue>
        <ReturnType>Avahi.ErrorCode</ReturnType>
      </ReturnValue>
      <Docs>
        <summary>To be added.</summary>
      </Docs>
    </Member>
    <Member MemberName="InvalidPacket">
      <MemberSignature Language="C#" Value="InvalidPacket" />
      <MemberType>Field</MemberType>
      <ReturnValue>
        <ReturnType>Avahi.ErrorCode</ReturnType>
      </ReturnValue>
      <Docs>
        <summary>To be added.</summary>
      </Docs>
    </Member>
    <Member MemberName="InvalidRecord">
      <MemberSignature Language="C#" Value="InvalidRecord" />
      <MemberType>Field</MemberType>
      <ReturnValue>
        <ReturnType>Avahi.ErrorCode</ReturnType>
      </ReturnValue>
      <Docs>
        <summary>To be added.</summary>
      </Docs>
    </Member>
    <Member MemberName="InvalidKey">
      <MemberSignature Language="C#" Value="InvalidKey" />
      <MemberType>Field</MemberType>
      <ReturnValue>
        <ReturnType>Avahi.ErrorCode</ReturnType>
      </ReturnValue>
      <Docs>
        <summary>To be added.</summary>
      </Docs>
    </Member>
    <Member MemberName="InvalidRData">
      <MemberSignature Language="C#" Value="InvalidRData" />
      <MemberType>Field</MemberType>
      <ReturnValue>
        <ReturnType>Avahi.ErrorCode</ReturnType>
      </ReturnValue>
      <Docs>
        <summary>To be added.</summary>
      </Docs>
    </Member>
    <Member MemberName="VersionMismatch">
      <MemberSignature Language="C#" Value="VersionMismatch" />
      <MemberType>Field</MemberType>
      <ReturnValue>
        <ReturnType>Avahi.ErrorCode</ReturnType>
      </ReturnValue>
      <Docs>
        <summary>To be added.</summary>
      </Docs>
    </Member>
    <Member MemberName="DnsRefused">
      <MemberSignature Language="C#" Value="DnsRefused" />
      <MemberType>Field</MemberType>
      <ReturnValue>
        <ReturnType>Avahi.ErrorCode</ReturnType>
      </ReturnValue>
      <Docs>
        <summary>To be added.</summary>
      </Docs>
    </Member>
    <Member MemberName="InvalidServiceName">
      <MemberSignature Language="C#" Value="InvalidServiceName" />
      <MemberType>Field</MemberType>
      <ReturnValue>
        <ReturnType>Avahi.ErrorCode</ReturnType>
      </ReturnValue>
      <Docs>
        <summary>To be added.</summary>
      </Docs>
    </Member>
    <Member MemberName="InvalidHostName">
      <MemberSignature Language="C#" Value="InvalidHostName" />
      <MemberType>Field</MemberType>
      <ReturnValue>
        <ReturnType>Avahi.ErrorCode</ReturnType>
      </ReturnValue>
      <Docs>
        <summary>To be added.</summary>
      </Docs>
    </Member>
    <Member MemberName="InvalidAddress">
      <MemberSignature Language="C#" Value="InvalidAddress" />
      <MemberType>Field</MemberType>
      <ReturnValue>
        <ReturnType>Avahi.ErrorCode</ReturnType>
      </ReturnValue>
      <Docs>
        <summary>To be added.</summary>
      </Docs>
    </Member>
    <Member MemberName="NoDaemon">
      <MemberSignature Language="C#" Value="NoDaemon" />
      <MemberType>Field</MemberType>
      <ReturnValue>
        <ReturnType>Avahi.ErrorCode</ReturnType>
      </ReturnValue>
      <Docs>
        <summary>To be added.</summary>
      </Docs>
    </Member>
    <Member MemberName="InvalidInterface">
      <MemberSignature Language="C#" Value="InvalidInterface" />
      <MemberType>Field</MemberType>
      <ReturnValue>
        <ReturnType>Avahi.ErrorCode</ReturnType>
      </ReturnValue>
      <Docs>
        <summary>To be added.</summary>
      </Docs>
    </Member>
    <Member MemberName="Failure">
      <MemberSignature Language="C#" Value="Failure" />
      <MemberType>Field</MemberType>
      <ReturnValue>
        <ReturnType>Avahi.ErrorCode</ReturnType>
      </ReturnValue>
      <Docs>
        <summary>To be added.</summary>
      </Docs>
    </Member>
    <Member MemberName="DnsYxDomain">
      <MemberSignature Language="C#" Value="DnsYxDomain" />
      <MemberType>Field</MemberType>
      <ReturnValue>
        <ReturnType>Avahi.ErrorCode</ReturnType>
      </ReturnValue>
      <Docs>
        <summary>To be added.</summary>
      </Docs>
    </Member>
    <Member MemberName="NotSupported">
      <MemberSignature Language="C#" Value="NotSupported" />
      <MemberType>Field</MemberType>
      <ReturnValue>
        <ReturnType>Avahi.ErrorCode</ReturnType>
      </ReturnValue>
      <Docs>
        <summary>To be added.</summary>
      </Docs>
    </Member>
    <Member MemberName="NoMemory">
      <MemberSignature Language="C#" Value="NoMemory" />
      <MemberType>Field</MemberType>
      <ReturnValue>
        <ReturnType>Avahi.ErrorCode</ReturnType>
      </ReturnValue>
      <Docs>
        <summary>To be added.</summary>
      </Docs>
    </Member>
    <Member MemberName="Timeout">
      <MemberSignature Language="C#" Value="Timeout" />
      <MemberType>Field</MemberType>
      <ReturnValue>
        <ReturnType>Avahi.ErrorCode</ReturnType>
      </ReturnValue>
      <Docs>
        <summary>To be added.</summary>
      </Docs>
    </Member>
    <Member MemberName="InvalidDnsClass">
      <MemberSignature Language="C#" Value="InvalidDnsClass" />
      <MemberType>Field</MemberType>
      <ReturnValue>
        <ReturnType>Avahi.ErrorCode</ReturnType>
      </ReturnValue>
      <Docs>
        <summary>To be added.</summary>
      </Docs>
    </Member>
    <Member MemberName="DBusError">
      <MemberSignature Language="C#" Value="DBusError" />
      <MemberType>Field</MemberType>
      <ReturnValue>
        <ReturnType>Avahi.ErrorCode</ReturnType>
      </ReturnValue>
      <Docs>
        <summary>To be added.</summary>
      </Docs>
    </Member>
    <Member MemberName="DnsNoTimp">
      <MemberSignature Language="C#" Value="DnsNoTimp" />
      <MemberType>Field</MemberType>
      <ReturnValue>
        <ReturnType>Avahi.ErrorCode</ReturnType>
      </ReturnValue>
      <Docs>
        <summary>To be added.</summary>
      </Docs>
    </Member>
    <Member MemberName="OS">
      <MemberSignature Language="C#" Value="OS" />
      <MemberType>Field</MemberType>
      <ReturnValue>
        <ReturnType>Avahi.ErrorCode</ReturnType>
      </ReturnValue>
      <Docs>
        <summary>To be added.</summary>
      </Docs>
    </Member>
    <Member MemberName="InvalidDomainName">
      <MemberSignature Language="C#" Value="InvalidDomainName" />
      <MemberType>Field</MemberType>
      <ReturnValue>
        <ReturnType>Avahi.ErrorCode</ReturnType>
      </ReturnValue>
      <Docs>
        <summary>To be added.</summary>
      </Docs>
    </Member>
  </Members>
  <Docs>
    <summary>To be added.</summary>
    <remarks>To be added.</remarks>
  </Docs>
</Type>
