<Type Name="LookupResultFlags" FullName="Avahi.LookupResultFlags">
  <TypeSignature Language="C#" Value="public enum LookupResultFlags" />
  <AssemblyInfo>
    <AssemblyName>avahi-sharp</AssemblyName>
    <AssemblyVersion>1.0.0.0</AssemblyVersion>
  </AssemblyInfo>
  <Base>
    <BaseTypeName>System.Enum</BaseTypeName>
  </Base>
  <Attributes>
    <Attribute>
      <AttributeName>System.Flags</AttributeName>
    </Attribute>
  </Attributes>
  <Members>
    <Member MemberName="Multicast">
      <MemberSignature Language="C#" Value="Multicast" />
      <MemberType>Field</MemberType>
      <ReturnValue>
        <ReturnType>Avahi.LookupResultFlags</ReturnType>
      </ReturnValue>
      <Docs>
        <summary>To be added.</summary>
      </Docs>
    </Member>
    <Member MemberName="WideArea">
      <MemberSignature Language="C#" Value="WideArea" />
      <MemberType>Field</MemberType>
      <ReturnValue>
        <ReturnType>Avahi.LookupResultFlags</ReturnType>
      </ReturnValue>
      <Docs>
        <summary>To be added.</summary>
      </Docs>
    </Member>
    <Member MemberName="Cached">
      <MemberSignature Language="C#" Value="Cached" />
      <MemberType>Field</MemberType>
      <ReturnValue>
        <ReturnType>Avahi.LookupResultFlags</ReturnType>
      </ReturnValue>
      <Docs>
        <summary>To be added.</summary>
      </Docs>
    </Member>
    <Member MemberName="None">
      <MemberSignature Language="C#" Value="None" />
      <MemberType>Field</MemberType>
      <ReturnValue>
        <ReturnType>Avahi.LookupResultFlags</ReturnType>
      </ReturnValue>
      <Docs>
        <summary>To be added.</summary>
      </Docs>
    </Member>
    <Member MemberName="Local">
      <MemberSignature Language="C#" Value="Local" />
      <MemberType>Field</MemberType>
      <ReturnValue>
        <ReturnType>Avahi.LookupResultFlags</ReturnType>
      </ReturnValue>
      <Docs>
        <summary>To be added.</summary>
      </Docs>
    </Member>
    <Member MemberName="OurOwn">
      <MemberSignature Language="C#" Value="OurOwn" />
      <MemberType>Field</MemberType>
      <ReturnValue>
        <ReturnType>Avahi.LookupResultFlags</ReturnType>
      </ReturnValue>
      <Docs>
        <summary>To be added.</summary>
      </Docs>
    </Member>
  </Members>
  <Docs>
    <summary>To be added.</summary>
    <remarks>To be added.</remarks>
  </Docs>
</Type>
