<Type Name="LookupFlags" FullName="Avahi.LookupFlags">
  <TypeSignature Language="C#" Value="public enum LookupFlags" />
  <AssemblyInfo>
    <AssemblyName>avahi-sharp</AssemblyName>
    <AssemblyVersion>1.0.0.0</AssemblyVersion>
  </AssemblyInfo>
  <Base>
    <BaseTypeName>System.Enum</BaseTypeName>
  </Base>
  <Attributes>
    <Attribute>
      <AttributeName>System.Flags</AttributeName>
    </Attribute>
  </Attributes>
  <Members>
    <Member MemberName="UseMulticast">
      <MemberSignature Language="C#" Value="UseMulticast" />
      <MemberType>Field</MemberType>
      <ReturnValue>
        <ReturnType>Avahi.LookupFlags</ReturnType>
      </ReturnValue>
      <Docs>
        <summary>To be added.</summary>
      </Docs>
    </Member>
    <Member MemberName="UseWideArea">
      <MemberSignature Language="C#" Value="UseWideArea" />
      <MemberType>Field</MemberType>
      <ReturnValue>
        <ReturnType>Avahi.LookupFlags</ReturnType>
      </ReturnValue>
      <Docs>
        <summary>To be added.</summary>
      </Docs>
    </Member>
    <Member MemberName="NoAddress">
      <MemberSignature Language="C#" Value="NoAddress" />
      <MemberType>Field</MemberType>
      <ReturnValue>
        <ReturnType>Avahi.LookupFlags</ReturnType>
      </ReturnValue>
      <Docs>
        <summary>To be added.</summary>
      </Docs>
    </Member>
    <Member MemberName="None">
      <MemberSignature Language="C#" Value="None" />
      <MemberType>Field</MemberType>
      <ReturnValue>
        <ReturnType>Avahi.LookupFlags</ReturnType>
      </ReturnValue>
      <Docs>
        <summary>To be added.</summary>
      </Docs>
    </Member>
    <Member MemberName="NoTxt">
      <MemberSignature Language="C#" Value="NoTxt" />
      <MemberType>Field</MemberType>
      <ReturnValue>
        <ReturnType>Avahi.LookupFlags</ReturnType>
      </ReturnValue>
      <Docs>
        <summary>To be added.</summary>
      </Docs>
    </Member>
  </Members>
  <Docs>
    <summary>To be added.</summary>
    <remarks>To be added.</remarks>
  </Docs>
</Type>
