<Type Name="Protocol" FullName="Avahi.Protocol">
  <TypeSignature Language="C#" Value="public enum Protocol" />
  <AssemblyInfo>
    <AssemblyName>avahi-sharp</AssemblyName>
    <AssemblyVersion>1.0.0.0</AssemblyVersion>
  </AssemblyInfo>
  <Base>
    <BaseTypeName>System.Enum</BaseTypeName>
  </Base>
  <Members>
    <Member MemberName="IPv4">
      <MemberSignature Language="C#" Value="IPv4" />
      <MemberType>Field</MemberType>
      <ReturnValue>
        <ReturnType>Avahi.Protocol</ReturnType>
      </ReturnValue>
      <Docs>
        <summary>To be added.</summary>
      </Docs>
    </Member>
    <Member MemberName="Unspecified">
      <MemberSignature Language="C#" Value="Unspecified" />
      <MemberType>Field</MemberType>
      <ReturnValue>
        <ReturnType>Avahi.Protocol</ReturnType>
      </ReturnValue>
      <Docs>
        <summary>To be added.</summary>
      </Docs>
    </Member>
    <Member MemberName="IPv6">
      <MemberSignature Language="C#" Value="IPv6" />
      <MemberType>Field</MemberType>
      <ReturnValue>
        <ReturnType>Avahi.Protocol</ReturnType>
      </ReturnValue>
      <Docs>
        <summary>To be added.</summary>
      </Docs>
    </Member>
  </Members>
  <Docs>
    <summary>To be added.</summary>
    <remarks>To be added.</remarks>
  </Docs>
</Type>
