<Type Name="PublishFlags" FullName="Avahi.PublishFlags">
  <TypeSignature Language="C#" Value="public enum PublishFlags" />
  <AssemblyInfo>
    <AssemblyName>avahi-sharp</AssemblyName>
    <AssemblyVersion>1.0.0.0</AssemblyVersion>
  </AssemblyInfo>
  <Base>
    <BaseTypeName>System.Enum</BaseTypeName>
  </Base>
  <Attributes>
    <Attribute>
      <AttributeName>System.Flags</AttributeName>
    </Attribute>
  </Attributes>
  <Members>
    <Member MemberName="UseMulticast">
      <MemberSignature Language="C#" Value="UseMulticast" />
      <MemberType>Field</MemberType>
      <ReturnValue>
        <ReturnType>Avahi.PublishFlags</ReturnType>
      </ReturnValue>
      <Docs>
        <summary>To be added.</summary>
      </Docs>
    </Member>
    <Member MemberName="Update">
      <MemberSignature Language="C#" Value="Update" />
      <MemberType>Field</MemberType>
      <ReturnValue>
        <ReturnType>Avahi.PublishFlags</ReturnType>
      </ReturnValue>
      <Docs>
        <summary>To be added.</summary>
      </Docs>
    </Member>
    <Member MemberName="AllowMultiple">
      <MemberSignature Language="C#" Value="AllowMultiple" />
      <MemberType>Field</MemberType>
      <ReturnValue>
        <ReturnType>Avahi.PublishFlags</ReturnType>
      </ReturnValue>
      <Docs>
        <summary>To be added.</summary>
      </Docs>
    </Member>
    <Member MemberName="UseWideArea">
      <MemberSignature Language="C#" Value="UseWideArea" />
      <MemberType>Field</MemberType>
      <ReturnValue>
        <ReturnType>Avahi.PublishFlags</ReturnType>
      </ReturnValue>
      <Docs>
        <summary>To be added.</summary>
      </Docs>
    </Member>
    <Member MemberName="Unique">
      <MemberSignature Language="C#" Value="Unique" />
      <MemberType>Field</MemberType>
      <ReturnValue>
        <ReturnType>Avahi.PublishFlags</ReturnType>
      </ReturnValue>
      <Docs>
        <summary>To be added.</summary>
      </Docs>
    </Member>
    <Member MemberName="NoReverse">
      <MemberSignature Language="C#" Value="NoReverse" />
      <MemberType>Field</MemberType>
      <ReturnValue>
        <ReturnType>Avahi.PublishFlags</ReturnType>
      </ReturnValue>
      <Docs>
        <summary>To be added.</summary>
      </Docs>
    </Member>
    <Member MemberName="None">
      <MemberSignature Language="C#" Value="None" />
      <MemberType>Field</MemberType>
      <ReturnValue>
        <ReturnType>Avahi.PublishFlags</ReturnType>
      </ReturnValue>
      <Docs>
        <summary>To be added.</summary>
      </Docs>
    </Member>
    <Member MemberName="NoCookie">
      <MemberSignature Language="C#" Value="NoCookie" />
      <MemberType>Field</MemberType>
      <ReturnValue>
        <ReturnType>Avahi.PublishFlags</ReturnType>
      </ReturnValue>
      <Docs>
        <summary>To be added.</summary>
      </Docs>
    </Member>
    <Member MemberName="NoProbe">
      <MemberSignature Language="C#" Value="NoProbe" />
      <MemberType>Field</MemberType>
      <ReturnValue>
        <ReturnType>Avahi.PublishFlags</ReturnType>
      </ReturnValue>
      <Docs>
        <summary>To be added.</summary>
      </Docs>
    </Member>
    <Member MemberName="NoAnnounce">
      <MemberSignature Language="C#" Value="NoAnnounce" />
      <MemberType>Field</MemberType>
      <ReturnValue>
        <ReturnType>Avahi.PublishFlags</ReturnType>
      </ReturnValue>
      <Docs>
        <summary>To be added.</summary>
      </Docs>
    </Member>
  </Members>
  <Docs>
    <summary>To be added.</summary>
    <remarks>To be added.</remarks>
  </Docs>
</Type>
