<Type Name="RecordType" FullName="Avahi.RecordType">
  <TypeSignature Language="C#" Value="public enum RecordType" />
  <AssemblyInfo>
    <AssemblyName>avahi-sharp</AssemblyName>
    <AssemblyVersion>1.0.0.0</AssemblyVersion>
  </AssemblyInfo>
  <Base>
    <BaseTypeName>System.Enum</BaseTypeName>
  </Base>
  <Members>
    <Member MemberName="Cname">
      <MemberSignature Language="C#" Value="Cname" />
      <MemberType>Field</MemberType>
      <ReturnValue>
        <ReturnType>Avahi.RecordType</ReturnType>
      </ReturnValue>
      <Docs>
        <summary>To be added.</summary>
      </Docs>
    </Member>
    <Member MemberName="Ptr">
      <MemberSignature Language="C#" Value="Ptr" />
      <MemberType>Field</MemberType>
      <ReturnValue>
        <ReturnType>Avahi.RecordType</ReturnType>
      </ReturnValue>
      <Docs>
        <summary>To be added.</summary>
      </Docs>
    </Member>
    <Member MemberName="Aaa">
      <MemberSignature Language="C#" Value="Aaa" />
      <MemberType>Field</MemberType>
      <ReturnValue>
        <ReturnType>Avahi.RecordType</ReturnType>
      </ReturnValue>
      <Docs>
        <summary>To be added.</summary>
      </Docs>
    </Member>
    <Member MemberName="Soa">
      <MemberSignature Language="C#" Value="Soa" />
      <MemberType>Field</MemberType>
      <ReturnValue>
        <ReturnType>Avahi.RecordType</ReturnType>
      </ReturnValue>
      <Docs>
        <summary>To be added.</summary>
      </Docs>
    </Member>
    <Member MemberName="Txt">
      <MemberSignature Language="C#" Value="Txt" />
      <MemberType>Field</MemberType>
      <ReturnValue>
        <ReturnType>Avahi.RecordType</ReturnType>
      </ReturnValue>
      <Docs>
        <summary>To be added.</summary>
      </Docs>
    </Member>
    <Member MemberName="Hinfo">
      <MemberSignature Language="C#" Value="Hinfo" />
      <MemberType>Field</MemberType>
      <ReturnValue>
        <ReturnType>Avahi.RecordType</ReturnType>
      </ReturnValue>
      <Docs>
        <summary>To be added.</summary>
      </Docs>
    </Member>
    <Member MemberName="Ns">
      <MemberSignature Language="C#" Value="Ns" />
      <MemberType>Field</MemberType>
      <ReturnValue>
        <ReturnType>Avahi.RecordType</ReturnType>
      </ReturnValue>
      <Docs>
        <summary>To be added.</summary>
      </Docs>
    </Member>
    <Member MemberName="Mx">
      <MemberSignature Language="C#" Value="Mx" />
      <MemberType>Field</MemberType>
      <ReturnValue>
        <ReturnType>Avahi.RecordType</ReturnType>
      </ReturnValue>
      <Docs>
        <summary>To be added.</summary>
      </Docs>
    </Member>
    <Member MemberName="A">
      <MemberSignature Language="C#" Value="A" />
      <MemberType>Field</MemberType>
      <ReturnValue>
        <ReturnType>Avahi.RecordType</ReturnType>
      </ReturnValue>
      <Docs>
        <summary>To be added.</summary>
      </Docs>
    </Member>
    <Member MemberName="Srv">
      <MemberSignature Language="C#" Value="Srv" />
      <MemberType>Field</MemberType>
      <ReturnValue>
        <ReturnType>Avahi.RecordType</ReturnType>
      </ReturnValue>
      <Docs>
        <summary>To be added.</summary>
      </Docs>
    </Member>
  </Members>
  <Docs>
    <summary>To be added.</summary>
    <remarks>To be added.</remarks>
  </Docs>
</Type>
