<Type Name="RecordInfo" FullName="Avahi.RecordInfo">
  <TypeSignature Language="C#" Value="public struct RecordInfo" />
  <AssemblyInfo>
    <AssemblyName>avahi-sharp</AssemblyName>
    <AssemblyVersion>1.0.0.0</AssemblyVersion>
  </AssemblyInfo>
  <Base>
    <BaseTypeName>System.ValueType</BaseTypeName>
  </Base>
  <Interfaces />
  <Members>
    <Member MemberName="NetworkInterface">
      <MemberSignature Language="C#" Value="public int NetworkInterface;" />
      <MemberType>Field</MemberType>
      <ReturnValue>
        <ReturnType>System.Int32</ReturnType>
      </ReturnValue>
      <Docs>
        <summary>To be added.</summary>
        <remarks>To be added.</remarks>
      </Docs>
    </Member>
    <Member MemberName="Protocol">
      <MemberSignature Language="C#" Value="public Avahi.Protocol Protocol;" />
      <MemberType>Field</MemberType>
      <ReturnValue>
        <ReturnType>Avahi.Protocol</ReturnType>
      </ReturnValue>
      <Docs>
        <summary>To be added.</summary>
        <remarks>To be added.</remarks>
      </Docs>
    </Member>
    <Member MemberName="Name">
      <MemberSignature Language="C#" Value="public string Name;" />
      <MemberType>Field</MemberType>
      <ReturnValue>
        <ReturnType>System.String</ReturnType>
      </ReturnValue>
      <Docs>
        <summary>To be added.</summary>
        <remarks>To be added.</remarks>
      </Docs>
    </Member>
    <Member MemberName="Class">
      <MemberSignature Language="C#" Value="public Avahi.RecordClass Class;" />
      <MemberType>Field</MemberType>
      <ReturnValue>
        <ReturnType>Avahi.RecordClass</ReturnType>
      </ReturnValue>
      <Docs>
        <summary>To be added.</summary>
        <remarks>To be added.</remarks>
      </Docs>
    </Member>
    <Member MemberName="Type">
      <MemberSignature Language="C#" Value="public Avahi.RecordType Type;" />
      <MemberType>Field</MemberType>
      <ReturnValue>
        <ReturnType>Avahi.RecordType</ReturnType>
      </ReturnValue>
      <Docs>
        <summary>To be added.</summary>
        <remarks>To be added.</remarks>
      </Docs>
    </Member>
    <Member MemberName="Data">
      <MemberSignature Language="C#" Value="public byte[] Data;" />
      <MemberType>Field</MemberType>
      <ReturnValue>
        <ReturnType>System.Byte[]</ReturnType>
      </ReturnValue>
      <Docs>
        <summary>To be added.</summary>
        <remarks>To be added.</remarks>
      </Docs>
    </Member>
    <Member MemberName="Flags">
      <MemberSignature Language="C#" Value="public Avahi.LookupResultFlags Flags;" />
      <MemberType>Field</MemberType>
      <ReturnValue>
        <ReturnType>Avahi.LookupResultFlags</ReturnType>
      </ReturnValue>
      <Docs>
        <summary>To be added.</summary>
        <remarks>To be added.</remarks>
      </Docs>
    </Member>
  </Members>
  <Docs>
    <summary>To be added.</summary>
    <remarks>To be added.</remarks>
  </Docs>
</Type>
