<Type Name="RecordBrowser" FullName="Avahi.RecordBrowser">
  <TypeSignature Language="C#" Value="public class RecordBrowser : Avahi.BrowserBase, System.IDisposable" />
  <AssemblyInfo>
    <AssemblyName>avahi-sharp</AssemblyName>
    <AssemblyVersion>1.0.0.0</AssemblyVersion>
  </AssemblyInfo>
  <Base>
    <BaseTypeName>Avahi.BrowserBase</BaseTypeName>
  </Base>
  <Interfaces>
    <Interface>
      <InterfaceName>System.IDisposable</InterfaceName>
    </Interface>
  </Interfaces>
  <Members>
    <Member MemberName=".ctor">
      <MemberSignature Language="C#" Value="public RecordBrowser (Avahi.Client client, string name, Avahi.RecordType type);" />
      <MemberType>Constructor</MemberType>
      <Parameters>
        <Parameter Name="client" Type="Avahi.Client" />
        <Parameter Name="name" Type="System.String" />
        <Parameter Name="type" Type="Avahi.RecordType" />
      </Parameters>
      <Docs>
        <param name="client">To be added.</param>
        <param name="name">To be added.</param>
        <param name="type">To be added.</param>
        <summary>To be added.</summary>
        <remarks>To be added.</remarks>
      </Docs>
    </Member>
    <Member MemberName=".ctor">
      <MemberSignature Language="C#" Value="public RecordBrowser (Avahi.Client client, int iface, Avahi.Protocol proto, string name, Avahi.RecordClass clazz, Avahi.RecordType type, Avahi.LookupFlags flags);" />
      <MemberType>Constructor</MemberType>
      <Parameters>
        <Parameter Name="client" Type="Avahi.Client" />
        <Parameter Name="iface" Type="System.Int32" />
        <Parameter Name="proto" Type="Avahi.Protocol" />
        <Parameter Name="name" Type="System.String" />
        <Parameter Name="clazz" Type="Avahi.RecordClass" />
        <Parameter Name="type" Type="Avahi.RecordType" />
        <Parameter Name="flags" Type="Avahi.LookupFlags" />
      </Parameters>
      <Docs>
        <param name="client">To be added.</param>
        <param name="iface">To be added.</param>
        <param name="proto">To be added.</param>
        <param name="name">To be added.</param>
        <param name="clazz">To be added.</param>
        <param name="type">To be added.</param>
        <param name="flags">To be added.</param>
        <summary>To be added.</summary>
        <remarks>To be added.</remarks>
      </Docs>
    </Member>
    <Member MemberName="RecordAdded">
      <MemberSignature Language="C#" Value="public event Avahi.RecordInfoHandler RecordAdded;" />
      <MemberType>Event</MemberType>
      <ReturnValue>
        <ReturnType>Avahi.RecordInfoHandler</ReturnType>
      </ReturnValue>
      <Docs>
        <summary>To be added.</summary>
        <remarks>To be added.</remarks>
      </Docs>
    </Member>
    <Member MemberName="RecordRemoved">
      <MemberSignature Language="C#" Value="public event Avahi.RecordInfoHandler RecordRemoved;" />
      <MemberType>Event</MemberType>
      <ReturnValue>
        <ReturnType>Avahi.RecordInfoHandler</ReturnType>
      </ReturnValue>
      <Docs>
        <summary>To be added.</summary>
        <remarks>To be added.</remarks>
      </Docs>
    </Member>
    <Member MemberName="Dispose">
      <MemberSignature Language="C#" Value="public void Dispose ();" />
      <MemberType>Method</MemberType>
      <ReturnValue>
        <ReturnType>System.Void</ReturnType>
      </ReturnValue>
      <Parameters />
      <Docs>
        <summary>To be added.</summary>
        <remarks>To be added.</remarks>
      </Docs>
    </Member>
    <Member MemberName="Records">
      <MemberSignature Language="C#" Value="public Avahi.RecordInfo[] Records { get; };" />
      <MemberType>Property</MemberType>
      <ReturnValue>
        <ReturnType>Avahi.RecordInfo[]</ReturnType>
      </ReturnValue>
      <Docs>
        <summary>To be added.</summary>
        <value>To be added.</value>
        <remarks>To be added.</remarks>
      </Docs>
    </Member>
  </Members>
  <Docs>
    <summary>To be added.</summary>
    <remarks>To be added.</remarks>
  </Docs>
</Type>
