<Type Name="RecordClass" FullName="Avahi.RecordClass">
  <TypeSignature Language="C#" Value="public enum RecordClass" />
  <AssemblyInfo>
    <AssemblyName>avahi-sharp</AssemblyName>
    <AssemblyVersion>1.0.0.0</AssemblyVersion>
  </AssemblyInfo>
  <Base>
    <BaseTypeName>System.Enum</BaseTypeName>
  </Base>
  <Members>
    <Member MemberName="In">
      <MemberSignature Language="C#" Value="In" />
      <MemberType>Field</MemberType>
      <ReturnValue>
        <ReturnType>Avahi.RecordClass</ReturnType>
      </ReturnValue>
      <Docs>
        <summary>To be added.</summary>
      </Docs>
    </Member>
  </Members>
  <Docs>
    <summary>To be added.</summary>
    <remarks>To be added.</remarks>
  </Docs>
</Type>
