<Type Name="ServiceTypeInfoHandler" FullName="Avahi.ServiceTypeInfoHandler">
  <TypeSignature Language="C#" Value="public delegate void ServiceTypeInfoHandler(object o, Avahi.ServiceTypeInfoArgs args);" />
  <AssemblyInfo>
    <AssemblyName>avahi-sharp</AssemblyName>
    <AssemblyVersion>1.0.0.0</AssemblyVersion>
  </AssemblyInfo>
  <Base>
    <BaseTypeName>System.Delegate</BaseTypeName>
  </Base>
  <Parameters>
    <Parameter Name="o" Type="System.Object" />
    <Parameter Name="args" Type="Avahi.ServiceTypeInfoArgs" />
  </Parameters>
  <ReturnValue>
    <ReturnType>System.Void</ReturnType>
  </ReturnValue>
  <Docs>
    <param name="o">To be added.</param>
    <param name="args">To be added.</param>
    <summary>To be added.</summary>
    <remarks>To be added.</remarks>
  </Docs>
</Type>
