<Type Name="ServiceInfo" FullName="Avahi.ServiceInfo">
  <TypeSignature Language="C#" Value="public struct ServiceInfo" />
  <AssemblyInfo>
    <AssemblyName>avahi-sharp</AssemblyName>
    <AssemblyVersion>1.0.0.0</AssemblyVersion>
  </AssemblyInfo>
  <Base>
    <BaseTypeName>System.ValueType</BaseTypeName>
  </Base>
  <Interfaces />
  <Members>
    <Member MemberName="NetworkInterface">
      <MemberSignature Language="C#" Value="public int NetworkInterface;" />
      <MemberType>Field</MemberType>
      <ReturnValue>
        <ReturnType>System.Int32</ReturnType>
      </ReturnValue>
      <Docs>
        <summary>To be added.</summary>
        <remarks>To be added.</remarks>
      </Docs>
    </Member>
    <Member MemberName="Protocol">
      <MemberSignature Language="C#" Value="public Avahi.Protocol Protocol;" />
      <MemberType>Field</MemberType>
      <ReturnValue>
        <ReturnType>Avahi.Protocol</ReturnType>
      </ReturnValue>
      <Docs>
        <summary>To be added.</summary>
        <remarks>To be added.</remarks>
      </Docs>
    </Member>
    <Member MemberName="Domain">
      <MemberSignature Language="C#" Value="public string Domain;" />
      <MemberType>Field</MemberType>
      <ReturnValue>
        <ReturnType>System.String</ReturnType>
      </ReturnValue>
      <Docs>
        <summary>To be added.</summary>
        <remarks>To be added.</remarks>
      </Docs>
    </Member>
    <Member MemberName="ServiceType">
      <MemberSignature Language="C#" Value="public string ServiceType;" />
      <MemberType>Field</MemberType>
      <ReturnValue>
        <ReturnType>System.String</ReturnType>
      </ReturnValue>
      <Docs>
        <summary>To be added.</summary>
        <remarks>To be added.</remarks>
      </Docs>
    </Member>
    <Member MemberName="Name">
      <MemberSignature Language="C#" Value="public string Name;" />
      <MemberType>Field</MemberType>
      <ReturnValue>
        <ReturnType>System.String</ReturnType>
      </ReturnValue>
      <Docs>
        <summary>To be added.</summary>
        <remarks>To be added.</remarks>
      </Docs>
    </Member>
    <Member MemberName="HostName">
      <MemberSignature Language="C#" Value="public string HostName;" />
      <MemberType>Field</MemberType>
      <ReturnValue>
        <ReturnType>System.String</ReturnType>
      </ReturnValue>
      <Docs>
        <summary>To be added.</summary>
        <remarks>To be added.</remarks>
      </Docs>
    </Member>
    <Member MemberName="Address">
      <MemberSignature Language="C#" Value="public System.Net.IPAddress Address;" />
      <MemberType>Field</MemberType>
      <ReturnValue>
        <ReturnType>System.Net.IPAddress</ReturnType>
      </ReturnValue>
      <Docs>
        <summary>To be added.</summary>
        <remarks>To be added.</remarks>
      </Docs>
    </Member>
    <Member MemberName="Port">
      <MemberSignature Language="C#" Value="public ushort Port;" />
      <MemberType>Field</MemberType>
      <ReturnValue>
        <ReturnType>System.UInt16</ReturnType>
      </ReturnValue>
      <Docs>
        <summary>To be added.</summary>
        <remarks>To be added.</remarks>
      </Docs>
    </Member>
    <Member MemberName="Text">
      <MemberSignature Language="C#" Value="public byte[][] Text;" />
      <MemberType>Field</MemberType>
      <ReturnValue>
        <ReturnType>System.Byte[][]</ReturnType>
      </ReturnValue>
      <Docs>
        <summary>To be added.</summary>
        <remarks>To be added.</remarks>
      </Docs>
    </Member>
    <Member MemberName="Zero">
      <MemberSignature Language="C#" Value="public static Avahi.ServiceInfo Zero;" />
      <MemberType>Field</MemberType>
      <ReturnValue>
        <ReturnType>Avahi.ServiceInfo</ReturnType>
      </ReturnValue>
      <Docs>
        <summary>To be added.</summary>
        <remarks>To be added.</remarks>
      </Docs>
    </Member>
    <Member MemberName="Flags">
      <MemberSignature Language="C#" Value="public Avahi.LookupResultFlags Flags;" />
      <MemberType>Field</MemberType>
      <ReturnValue>
        <ReturnType>Avahi.LookupResultFlags</ReturnType>
      </ReturnValue>
      <Docs>
        <summary>To be added.</summary>
        <remarks>To be added.</remarks>
      </Docs>
    </Member>
  </Members>
  <Docs>
    <summary>To be added.</summary>
    <remarks>To be added.</remarks>
  </Docs>
</Type>
