<Type Name="ServiceDialog" FullName="Avahi.UI.ServiceDialog">
  <TypeSignature Language="C#" Value="public class ServiceDialog : Gtk.Dialog" />
  <AssemblyInfo>
    <AssemblyName>avahi-ui-sharp</AssemblyName>
    <AssemblyVersion>0.0.0.0</AssemblyVersion>
  </AssemblyInfo>
  <Base>
    <BaseTypeName>Gtk.Dialog</BaseTypeName>
  </Base>
  <Interfaces />
  <Members>
    <Member MemberName=".ctor">
      <MemberSignature Language="C#" Value="public ServiceDialog (string title, Gtk.Window parent, object[] buttonData);" />
      <MemberType>Constructor</MemberType>
      <Parameters>
        <Parameter Name="title" Type="System.String" />
        <Parameter Name="parent" Type="Gtk.Window" />
        <Parameter Name="buttonData" Type="System.Object[]">
          <Attributes>
            <Attribute>
              <AttributeName>System.ParamArray</AttributeName>
            </Attribute>
          </Attributes>
        </Parameter>
      </Parameters>
      <Docs>
        <param name="title">To be added.</param>
        <param name="parent">To be added.</param>
        <param name="buttonData">To be added.</param>
        <summary>To be added.</summary>
        <remarks>To be added.</remarks>
      </Docs>
    </Member>
    <Member MemberName="Address">
      <MemberSignature Language="C#" Value="public System.Net.IPAddress Address { get; };" />
      <MemberType>Property</MemberType>
      <ReturnValue>
        <ReturnType>System.Net.IPAddress</ReturnType>
      </ReturnValue>
      <Docs>
        <summary>To be added.</summary>
        <value>To be added.</value>
        <remarks>To be added.</remarks>
      </Docs>
    </Member>
    <Member MemberName="AddressFamily">
      <MemberSignature Language="C#" Value="public Avahi.Protocol AddressFamily { set; get; };" />
      <MemberType>Property</MemberType>
      <ReturnValue>
        <ReturnType>Avahi.Protocol</ReturnType>
      </ReturnValue>
      <Docs>
        <summary>To be added.</summary>
        <value>To be added.</value>
        <remarks>To be added.</remarks>
      </Docs>
    </Member>
    <Member MemberName="BrowseServiceTypes">
      <MemberSignature Language="C#" Value="public string[] BrowseServiceTypes { set; get; };" />
      <MemberType>Property</MemberType>
      <ReturnValue>
        <ReturnType>System.String[]</ReturnType>
      </ReturnValue>
      <Docs>
        <summary>To be added.</summary>
        <value>To be added.</value>
        <remarks>To be added.</remarks>
      </Docs>
    </Member>
    <Member MemberName="Domain">
      <MemberSignature Language="C#" Value="public string Domain { set; get; };" />
      <MemberType>Property</MemberType>
      <ReturnValue>
        <ReturnType>System.String</ReturnType>
      </ReturnValue>
      <Docs>
        <summary>To be added.</summary>
        <value>To be added.</value>
        <remarks>To be added.</remarks>
      </Docs>
    </Member>
    <Member MemberName="HostName">
      <MemberSignature Language="C#" Value="public string HostName { get; };" />
      <MemberType>Property</MemberType>
      <ReturnValue>
        <ReturnType>System.String</ReturnType>
      </ReturnValue>
      <Docs>
        <summary>To be added.</summary>
        <value>To be added.</value>
        <remarks>To be added.</remarks>
      </Docs>
    </Member>
    <Member MemberName="Port">
      <MemberSignature Language="C#" Value="public ushort Port { get; };" />
      <MemberType>Property</MemberType>
      <ReturnValue>
        <ReturnType>System.UInt16</ReturnType>
      </ReturnValue>
      <Docs>
        <summary>To be added.</summary>
        <value>To be added.</value>
        <remarks>To be added.</remarks>
      </Docs>
    </Member>
    <Member MemberName="ResolveHostNameEnabled">
      <MemberSignature Language="C#" Value="public bool ResolveHostNameEnabled { set; get; };" />
      <MemberType>Property</MemberType>
      <ReturnValue>
        <ReturnType>System.Boolean</ReturnType>
      </ReturnValue>
      <Docs>
        <summary>To be added.</summary>
        <value>To be added.</value>
        <remarks>To be added.</remarks>
      </Docs>
    </Member>
    <Member MemberName="ResolveServiceEnabled">
      <MemberSignature Language="C#" Value="public bool ResolveServiceEnabled { set; get; };" />
      <MemberType>Property</MemberType>
      <ReturnValue>
        <ReturnType>System.Boolean</ReturnType>
      </ReturnValue>
      <Docs>
        <summary>To be added.</summary>
        <value>To be added.</value>
        <remarks>To be added.</remarks>
      </Docs>
    </Member>
    <Member MemberName="ServiceName">
      <MemberSignature Language="C#" Value="public string ServiceName { set; get; };" />
      <MemberType>Property</MemberType>
      <ReturnValue>
        <ReturnType>System.String</ReturnType>
      </ReturnValue>
      <Docs>
        <summary>To be added.</summary>
        <value>To be added.</value>
        <remarks>To be added.</remarks>
      </Docs>
    </Member>
    <Member MemberName="ServiceType">
      <MemberSignature Language="C#" Value="public string ServiceType { set; get; };" />
      <MemberType>Property</MemberType>
      <ReturnValue>
        <ReturnType>System.String</ReturnType>
      </ReturnValue>
      <Docs>
        <summary>To be added.</summary>
        <value>To be added.</value>
        <remarks>To be added.</remarks>
      </Docs>
    </Member>
    <Member MemberName="TxtData">
      <MemberSignature Language="C#" Value="public byte[][] TxtData { get; };" />
      <MemberType>Property</MemberType>
      <ReturnValue>
        <ReturnType>System.Byte[][]</ReturnType>
      </ReturnValue>
      <Docs>
        <summary>To be added.</summary>
        <value>To be added.</value>
        <remarks>To be added.</remarks>
      </Docs>
    </Member>
  </Members>
  <Docs>
    <summary>To be added.</summary>
    <remarks>To be added.</remarks>
  </Docs>
</Type>
