<Overview>
  <Assemblies>
    <Assembly Name="avahi-sharp" Version="1.0.0.0">
      <Attributes>
        <Attribute>
          <AttributeName>System.Reflection.AssemblyTrademark(Trademark="")</AttributeName>
        </Attribute>
        <Attribute>
          <AttributeName>System.Reflection.AssemblyCopyright(Copyright="(C) 2005 James Willcox  &lt;snorp@snorp.net&gt;")</AttributeName>
        </Attribute>
        <Attribute>
          <AttributeName>System.Reflection.AssemblyProduct(Product="")</AttributeName>
        </Attribute>
        <Attribute>
          <AttributeName>System.Reflection.AssemblyCompany(Company="")</AttributeName>
        </Attribute>
        <Attribute>
          <AttributeName>System.Reflection.AssemblyConfiguration(Configuration="")</AttributeName>
        </Attribute>
        <Attribute>
          <AttributeName>System.Reflection.AssemblyDescription(Description="Mono bindings for the Avahi mDNS/DNS-SD stack")</AttributeName>
        </Attribute>
        <Attribute>
          <AttributeName>System.Reflection.AssemblyTitle(Title="avahi-sharp")</AttributeName>
        </Attribute>
      </Attributes>
    </Assembly>
  </Assemblies>
  <Remarks>To be added.</Remarks>
  <Copyright>To be added.</Copyright>
  <Types>
    <Namespace Name="Avahi">
      <Type Name="AddressResolver" />
      <Type Name="Client" />
      <Type Name="ClientException" />
      <Type Name="DomainInfo" />
      <Type Name="DomainBrowser" />
      <Type Name="EntryGroup" />
      <Type Name="HostNameResolver" />
      <Type Name="ServiceInfo" />
      <Type Name="ServiceBrowser" />
      <Type Name="ServiceResolver" />
      <Type Name="ServiceTypeInfo" />
      <Type Name="ServiceTypeBrowser" />
      <Type Name="HostAddressHandler" />
      <Type Name="ClientStateHandler" />
      <Type Name="DomainInfoHandler" />
      <Type Name="EntryGroupStateHandler" />
      <Type Name="ServiceInfoHandler" />
      <Type Name="ServiceTypeInfoHandler" />
      <Type Name="Protocol" />
      <Type Name="ClientState" />
      <Type Name="DomainBrowserType" />
      <Type Name="EntryGroupState" />
      <Type Name="LookupFlags" />
      <Type Name="LookupResultFlags" />
      <Type Name="HostAddressArgs" />
      <Type Name="ResolverBase" />
      <Type Name="BrowserBase" />
      <Type Name="ClientStateArgs" />
      <Type Name="ErrorCodeArgs" />
      <Type Name="DomainInfoArgs" />
      <Type Name="EntryGroupStateArgs" />
      <Type Name="RecordInfo" />
      <Type Name="RecordInfoArgs" />
      <Type Name="RecordBrowser" />
      <Type Name="ServiceInfoArgs" />
      <Type Name="ServiceTypeInfoArgs" />
      <Type Name="ErrorCodeHandler" />
      <Type Name="RecordInfoHandler" />
      <Type Name="ClientFlags" />
      <Type Name="ErrorCode" />
      <Type Name="PublishFlags" />
      <Type Name="RecordClass" />
      <Type Name="RecordType" />
    </Namespace>
  </Types>
  <Title>avahi-sharp</Title>
</Overview>
